create table sys_user
(
  id                   bigint not null,
  username             varchar(50),
  password             varchar(100),
  real_name            varchar(50),
  head_url             varchar(200),
  gender               int,
  email                varchar(100),
  mobile               varchar(20),
  dept_id              bigint,
  super_admin          int,
  status               int,
  remark               varchar(200),
  del_flag             int,
  creator              bigint,
  create_date          datetime,
  updater              bigint,
  update_date          datetime,
  primary key (id),
  UNIQUE (username)
);
CREATE INDEX idx_sys_user_del_flag on sys_user(del_flag);
CREATE INDEX idx_sys_user_create_date on sys_user(create_date);


create table sys_dept
(
  id                   bigint not null,
  pid                  bigint,
  pids                 varchar(500),
  name                 varchar(50),
  sort                 int,
  del_flag             int,
  creator              bigint,
  create_date          datetime,
  updater              bigint,
  update_date          datetime,
  primary key (id)
);
CREATE INDEX idx_sys_dept_pid on sys_dept(pid);
CREATE INDEX idx_sys_dept_del_flag on sys_dept(del_flag);
CREATE INDEX idx_sys_dept_create_date on sys_dept(create_date);


create table sys_menu
(
  id                   bigint not null,
  pid                  bigint,
  url                  varchar(200),
  type                 int,
  icon                 varchar(50),
  permissions          varchar(200),
  sort                 int,
  del_flag             int,
  creator              bigint,
  create_date          datetime,
  updater              bigint,
  update_date          datetime,
  primary key (id)
);
CREATE INDEX idx_sys_menu_pid on sys_menu(pid);
CREATE INDEX idx_sys_menu_del_flag on sys_menu(del_flag);
CREATE INDEX idx_sys_menu_create_date on sys_menu(create_date);


create table sys_role
(
  id                   bigint not null,
  name                 varchar(32),
  remark               varchar(100),
  del_flag             int,
  dept_id              bigint,
  creator              bigint,
  create_date          datetime,
  updater              bigint,
  update_date          datetime,
  primary key (id)
);
CREATE INDEX idx_sys_role_dept_id on sys_role(dept_id);
CREATE INDEX idx_sys_role_del_flag on sys_role(del_flag);
CREATE INDEX idx_sys_role_create_date on sys_role(create_date);


create table sys_role_user
(
  id                   bigint not null,
  role_id              bigint,
  user_id              bigint,
  creator              bigint,
  create_date          datetime,
  primary key (id)
);
CREATE INDEX idx_sys_role_user_role_id on sys_role_user(role_id);
CREATE INDEX idx_sys_role_user_user_id on sys_role_user(user_id);


create table sys_role_menu
(
  id                   bigint not null,
  role_id              bigint,
  menu_id              bigint,
  creator              bigint,
  create_date          datetime,
  primary key (id)
);
CREATE INDEX idx_sys_role_menu_role_id on sys_role_menu(role_id);
CREATE INDEX idx_sys_role_menu_menu_id on sys_role_menu(menu_id);


create table sys_role_data_scope
(
  id                   bigint not null,
  role_id              bigint,
  dept_id              bigint,
  creator              bigint,
  create_date          datetime,
  primary key (id)
);
CREATE INDEX idx_data_scope_role_id on sys_role_data_scope(role_id);

create table sys_dict_type
(
    id                   bigint NOT NULL,
    dict_type            varchar(100),
    dict_name            varchar(255),
    remark               varchar(255),
    sort                 int,
    creator              bigint,
    create_date          datetime,
    updater              bigint,
    update_date          datetime,
    primary key (id)
);
CREATE UNIQUE INDEX uk_sys_dict_type_dict_type on sys_dict_type(dict_type);


create table sys_dict_data
(
    id                   bigint NOT NULL,
    dict_type_id         bigint NOT NULL,
    dict_label           varchar(255),
    dict_value           varchar(255),
    remark               varchar(255),
    sort                 int,
    creator              bigint,
    create_date          datetime,
    updater              bigint,
    update_date          datetime,
    primary key (id)
);
CREATE INDEX idx_sys_dict_data_sort on sys_dict_data(sort);
CREATE UNIQUE INDEX uk_dict_type_value on sys_dict_data(dict_type_id, dict_value);

CREATE TABLE sys_region (
    id bigint NOT NULL,
    pid bigint,
    name varchar(100),
    tree_level int,
    leaf int,
    sort bigint,
    creator bigint,
    create_date datetime,
    updater bigint,
    update_date datetime,
    PRIMARY KEY (id)
);


create table sys_params
(
  id                   bigint not null,
  param_code           varchar(32),
  param_value          varchar(2000),
  param_type           int DEFAULT 1 NOT NULL,
  remark               varchar(200),
  del_flag             int,
  creator              bigint,
  create_date          datetime,
  updater              bigint,
  update_date          datetime,
  primary key (id),
  UNIQUE (param_code)
);
CREATE INDEX idx_sys_params_del_flag on sys_params(del_flag);
CREATE INDEX idx_sys_params_create_date on sys_params(create_date);


create table sys_log_login
(
  id                   bigint not null,
  operation            int,
  user_agent           varchar(500),
  ip                   varchar(160),
  creator_name         varchar(50),
  creator              bigint,
  create_date          datetime,
  primary key (id)
);
CREATE INDEX idx_login_create_date on sys_log_login(create_date);


create table sys_log_operation
(
  id                   bigint not null,
  module               varchar(32),
  operation            varchar(50),
  request_uri          varchar(200),
  request_method       varchar(20),
  request_params       text,
  request_time         int,
  user_agent           varchar(500),
  ip                   varchar(160),
  status               int,
  creator_name         varchar(50),
  creator              bigint,
  create_date          datetime,
  primary key (id)
);
CREATE INDEX idx_operation_module on sys_log_operation(module);
CREATE INDEX idx_operation_create_date on sys_log_operation(create_date);


create table sys_log_error
(
  id                   bigint not null,
  module               varchar(50),
  request_uri          varchar(200),
  request_method       varchar(20),
  request_params       text,
  user_agent           varchar(500),
  ip                   varchar(160),
  error_info           text,
  creator              bigint,
  create_date          datetime,
  primary key (id)
);
CREATE INDEX idx_error_module on sys_log_error(module);
CREATE INDEX idx_error_create_date on sys_log_error(create_date);

CREATE TABLE sys_language (
  table_name varchar(32) NOT NULL,
  table_id bigint NOT NULL,
  field_name varchar(32) NOT NULL,
  field_value varchar(200) NOT NULL,
  language varchar(10) NOT NULL,
  primary key (table_name, table_id, field_name, language)
);

CREATE INDEX idx_sys_language_table_id on sys_language(table_id);

CREATE TABLE tb_news (
 id bigint NOT NULL,
 title varchar(100),
 content text,
 pub_date datetime,
 dept_id bigint,
 creator bigint,
 create_date datetime,
 updater bigint,
 update_date datetime,
 PRIMARY KEY (id)
);

CREATE TABLE sys_notice (
    id bigint NOT NULL,
    type int NOT NULL,
    title varchar(200),
    content text,
    receiver_type int,
    receiver_type_ids varchar(500),
    status int,
    sender_name varchar(50),
    sender_date datetime,
    creator bigint,
    create_date datetime,
    PRIMARY KEY (id)
);
CREATE INDEX idx_sys_notice_create_date on sys_notice(create_date);

CREATE TABLE sys_notice_user (
    receiver_id bigint NOT NULL,
    notice_id bigint NOT NULL,
    read_status int NOT NULL,
    read_date datetime,
    PRIMARY KEY (receiver_id, notice_id)
);


CREATE TABLE sys_oauth_client_details (
    client_id varchar(128) NOT NULL,
    resource_ids varchar(128),
    client_secret varchar(128),
    scope varchar(128),
    authorized_grant_types varchar(128),
    web_server_redirect_uri varchar(128),
    authorities varchar(128),
    access_token_validity int,
    refresh_token_validity int,
    additional_information varchar(4096),
    autoapprove varchar(128),
    PRIMARY KEY (client_id)
);


CREATE TABLE oauth_code (
    code varchar(128),
    authentication varbinary
);


INSERT INTO sys_user(id, username, password, real_name, head_url, gender, email, mobile, dept_id, super_admin, status, remark, del_flag, creator, create_date, updater, update_date) VALUES (1067246875800000001, 'admin', '$2a$10$012Kx2ba5jzqr9gLlG4MX.bnQJTD9UWqF57XDo2N3.fPtLne02u/m', '超级管理员', NULL, 1, 'root@renren.io', '13512345678', NULL, 1, 1, NULL, 0, NULL, getdate(), NULL, getdate());

INSERT INTO sys_menu(id, pid, url, type, icon, permissions, sort, del_flag, creator, create_date, updater, update_date) VALUES (1067246875800000002, 0, '', 0, 'icon-lock', '', 0, 0, 1067246875800000001, getdate(), 1067246875800000001, getdate());
INSERT INTO sys_menu(id, pid, url, type, icon, permissions, sort, del_flag, creator, create_date, updater, update_date) VALUES (1067246875800000003, 1067246875800000002, 'sys/user', 0, 'icon-user', '', 0, 0, 1067246875800000001, getdate(), 1067246875800000001, getdate());
INSERT INTO sys_menu(id, pid, url, type, icon, permissions, sort, del_flag, creator, create_date, updater, update_date) VALUES (1067246875800000004, 1067246875800000003, '', 1, '', 'sys:user:page,sys:user:info', 0, 0, 1067246875800000001, getdate(), 1067246875800000001, getdate());
INSERT INTO sys_menu(id, pid, url, type, icon, permissions, sort, del_flag, creator, create_date, updater, update_date) VALUES (1067246875800000005, 1067246875800000003, '', 1, '', 'sys:user:save,sys:dept:list,sys:role:list', 1, 0, 1067246875800000001, getdate(), 1067246875800000001, getdate());
INSERT INTO sys_menu(id, pid, url, type, icon, permissions, sort, del_flag, creator, create_date, updater, update_date) VALUES (1067246875800000006, 1067246875800000003, '', 1, '', 'sys:user:update,sys:dept:list,sys:role:list', 2, 0, 1067246875800000001, getdate(), 1067246875800000001, getdate());
INSERT INTO sys_menu(id, pid, url, type, icon, permissions, sort, del_flag, creator, create_date, updater, update_date) VALUES (1067246875800000007, 1067246875800000003, '', 1, '', 'sys:user:delete', 3, 0, 1067246875800000001, getdate(), 1067246875800000001, getdate());
INSERT INTO sys_menu(id, pid, url, type, icon, permissions, sort, del_flag, creator, create_date, updater, update_date) VALUES (1067246875800000008, 1067246875800000003, '', 1, '', 'sys:user:export', 4, 0, 1067246875800000001, getdate(), 1067246875800000001, getdate());
INSERT INTO sys_menu(id, pid, url, type, icon, permissions, sort, del_flag, creator, create_date, updater, update_date) VALUES (1067246875800000009, 1067246875800000002, 'sys/dept', 0, 'icon-apartment', '', 1, 0, 1067246875800000001, getdate(), 1067246875800000001, getdate());
INSERT INTO sys_menu(id, pid, url, type, icon, permissions, sort, del_flag, creator, create_date, updater, update_date) VALUES (1067246875800000010, 1067246875800000009, '', 1, '', 'sys:dept:list,sys:dept:info', 0, 0, 1067246875800000001, getdate(), 1067246875800000001, getdate());
INSERT INTO sys_menu(id, pid, url, type, icon, permissions, sort, del_flag, creator, create_date, updater, update_date) VALUES (1067246875800000011, 1067246875800000009, '', 1, '', 'sys:dept:save', 1, 0, 1067246875800000001, getdate(), 1067246875800000001, getdate());
INSERT INTO sys_menu(id, pid, url, type, icon, permissions, sort, del_flag, creator, create_date, updater, update_date) VALUES (1067246875800000012, 1067246875800000009, '', 1, '', 'sys:dept:update', 2, 0, 1067246875800000001, getdate(), 1067246875800000001, getdate());
INSERT INTO sys_menu(id, pid, url, type, icon, permissions, sort, del_flag, creator, create_date, updater, update_date) VALUES (1067246875800000013, 1067246875800000009, '', 1, '', 'sys:dept:delete', 3, 0, 1067246875800000001, getdate(), 1067246875800000001, getdate());
INSERT INTO sys_menu(id, pid, url, type, icon, permissions, sort, del_flag, creator, create_date, updater, update_date) VALUES (1067246875800000014, 1067246875800000002, 'sys/role', 0, 'icon-team', '', 2, 0, 1067246875800000001, getdate(), 1067246875800000001, getdate());
INSERT INTO sys_menu(id, pid, url, type, icon, permissions, sort, del_flag, creator, create_date, updater, update_date) VALUES (1067246875800000015, 1067246875800000014, '', 1, '', 'sys:role:page,sys:role:info', 0, 0, 1067246875800000001, getdate(), 1067246875800000001, getdate());
INSERT INTO sys_menu(id, pid, url, type, icon, permissions, sort, del_flag, creator, create_date, updater, update_date) VALUES (1067246875800000016, 1067246875800000014, '', 1, '', 'sys:role:save,sys:menu:select,sys:dept:list', 1, 0, 1067246875800000001, getdate(), 1067246875800000001, getdate());
INSERT INTO sys_menu(id, pid, url, type, icon, permissions, sort, del_flag, creator, create_date, updater, update_date) VALUES (1067246875800000017, 1067246875800000014, '', 1, '', 'sys:role:update,sys:menu:select,sys:dept:list', 2, 0, 1067246875800000001, getdate(), 1067246875800000001, getdate());
INSERT INTO sys_menu(id, pid, url, type, icon, permissions, sort, del_flag, creator, create_date, updater, update_date) VALUES (1067246875800000018, 1067246875800000014, '', 1, '', 'sys:role:delete', 3, 0, 1067246875800000001, getdate(), 1067246875800000001, getdate());
INSERT INTO sys_menu(id, pid, url, type, icon, permissions, sort, del_flag, creator, create_date, updater, update_date) VALUES (1067246875800000019, 0, '', 0, 'icon-setting', NULL, 1, 0, 1067246875800000001, getdate(), 1067246875800000001, getdate());
INSERT INTO sys_menu(id, pid, url, type, icon, permissions, sort, del_flag, creator, create_date, updater, update_date) VALUES (1067246875800000020, 1067246875800000019, 'sys/menu', 0, 'icon-unorderedlist', NULL, 0, 0, 1067246875800000001, getdate(), 1067246875800000001, getdate());
INSERT INTO sys_menu(id, pid, url, type, icon, permissions, sort, del_flag, creator, create_date, updater, update_date) VALUES (1067246875800000021, 1067246875800000020, NULL, 1, NULL, 'sys:menu:list,sys:menu:info', 0, 0, 1067246875800000001, getdate(), 1067246875800000001, getdate());
INSERT INTO sys_menu(id, pid, url, type, icon, permissions, sort, del_flag, creator, create_date, updater, update_date) VALUES (1067246875800000022, 1067246875800000020, NULL, 1, NULL, 'sys:menu:save', 1, 0, 1067246875800000001, getdate(), 1067246875800000001, getdate());
INSERT INTO sys_menu(id, pid, url, type, icon, permissions, sort, del_flag, creator, create_date, updater, update_date) VALUES (1067246875800000023, 1067246875800000020, NULL, 1, NULL, 'sys:menu:update', 2, 0, 1067246875800000001, getdate(), 1067246875800000001, getdate());
INSERT INTO sys_menu(id, pid, url, type, icon, permissions, sort, del_flag, creator, create_date, updater, update_date) VALUES (1067246875800000024, 1067246875800000020, NULL, 1, NULL, 'sys:menu:delete', 3, 0, 1067246875800000001, getdate(), 1067246875800000001, getdate());
INSERT INTO sys_menu(id, pid, url, type, icon, permissions, sort, del_flag, creator, create_date, updater, update_date) VALUES (1067246875800000025, 1067246875800000019, 'sys/params', 0, 'icon-fileprotect', '', 1, 0, 1067246875800000001, getdate(), 1067246875800000001, getdate());
INSERT INTO sys_menu(id, pid, url, type, icon, permissions, sort, del_flag, creator, create_date, updater, update_date) VALUES (1067246875800000026, 1067246875800000025, NULL, 1, NULL, 'sys:params:page,sys:params:info', 0, 0, 1067246875800000001, getdate(), 1067246875800000001, getdate());
INSERT INTO sys_menu(id, pid, url, type, icon, permissions, sort, del_flag, creator, create_date, updater, update_date) VALUES (1067246875800000027, 1067246875800000025, NULL, 1, NULL, 'sys:params:save', 1, 0, 1067246875800000001, getdate(), 1067246875800000001, getdate());
INSERT INTO sys_menu(id, pid, url, type, icon, permissions, sort, del_flag, creator, create_date, updater, update_date) VALUES (1067246875800000028, 1067246875800000025, NULL, 1, NULL, 'sys:params:update', 2, 0, 1067246875800000001, getdate(), 1067246875800000001, getdate());
INSERT INTO sys_menu(id, pid, url, type, icon, permissions, sort, del_flag, creator, create_date, updater, update_date) VALUES (1067246875800000029, 1067246875800000025, NULL, 1, NULL, 'sys:params:delete', 3, 0, 1067246875800000001, getdate(), 1067246875800000001, getdate());
INSERT INTO sys_menu(id, pid, url, type, icon, permissions, sort, del_flag, creator, create_date, updater, update_date) VALUES (1067246875800000030, 1067246875800000025, '', 1, NULL, 'sys:params:export', 4, 0, 1067246875800000001, getdate(), 1067246875800000001, getdate());
INSERT INTO sys_menu(id, pid, url, type, icon, permissions, sort, del_flag, creator, create_date, updater, update_date) VALUES (1067246875800000031, 1067246875800000019, 'sys/dict-type', 0, 'icon-gold', '', 2, 0, 1067246875800000001, getdate(), 1067246875800000001, getdate());
INSERT INTO sys_menu(id, pid, url, type, icon, permissions, sort, del_flag, creator, create_date, updater, update_date) VALUES (1067246875800000032, 1067246875800000031, '', 1, '', 'sys:dict:page,sys:dict:info', 0, 0, 1067246875800000001, getdate(), 1067246875800000001, getdate());
INSERT INTO sys_menu(id, pid, url, type, icon, permissions, sort, del_flag, creator, create_date, updater, update_date) VALUES (1067246875800000033, 1067246875800000031, '', 1, '', 'sys:dict:save', 1, 0, 1067246875800000001, getdate(), 1067246875800000001, getdate());
INSERT INTO sys_menu(id, pid, url, type, icon, permissions, sort, del_flag, creator, create_date, updater, update_date) VALUES (1067246875800000034, 1067246875800000031, '', 1, '', 'sys:dict:update', 2, 0, 1067246875800000001, getdate(), 1067246875800000001, getdate());
INSERT INTO sys_menu(id, pid, url, type, icon, permissions, sort, del_flag, creator, create_date, updater, update_date) VALUES (1067246875800000035, 1067246875800000031, '', 1, '', 'sys:dict:delete', 3, 0, 1067246875800000001, getdate(), 1067246875800000001, getdate());
INSERT INTO sys_menu(id, pid, url, type, icon, permissions, sort, del_flag, creator, create_date, updater, update_date) VALUES (1067246875800000036, 0, '', 0, 'icon-container', '', 4, 0, 1067246875800000001, getdate(), 1067246875800000001, getdate());
INSERT INTO sys_menu(id, pid, url, type, icon, permissions, sort, del_flag, creator, create_date, updater, update_date) VALUES (1067246875800000037, 1067246875800000036, 'sys/log-login', 0, 'icon-filedone', 'sys:log:login', 0, 0, 1067246875800000001, getdate(), 1067246875800000001, getdate());
INSERT INTO sys_menu(id, pid, url, type, icon, permissions, sort, del_flag, creator, create_date, updater, update_date) VALUES (1067246875800000038, 1067246875800000036, 'sys/log-operation', 0, 'icon-solution', 'sys:log:operation', 1, 0, 1067246875800000001, getdate(), 1067246875800000001, getdate());
INSERT INTO sys_menu(id, pid, url, type, icon, permissions, sort, del_flag, creator, create_date, updater, update_date) VALUES (1067246875800000039, 1067246875800000036, 'sys/log-error', 0, 'icon-file-exception', 'sys:log:error', 2, 0, 1067246875800000001, getdate(), 1067246875800000001, getdate());
INSERT INTO sys_menu(id, pid, url, type, icon, permissions, sort, del_flag, creator, create_date, updater, update_date) VALUES (1067246875800000040, 0, '', 0, 'icon-desktop', '', 5, 0, 1067246875800000001, getdate(), 1067246875800000001, getdate());
INSERT INTO sys_menu(id, pid, url, type, icon, permissions, sort, del_flag, creator, create_date, updater, update_date) VALUES (1067246875800000041, 1067246875800000040, '{{ window.SITE_CONFIG["apiURL"] }}/monitor', 0, 'icon-medicinebox', '', 0, 0, 1067246875800000001, getdate(), 1067246875800000001, getdate());
INSERT INTO sys_menu(id, pid, url, type, icon, permissions, sort, del_flag, creator, create_date, updater, update_date) VALUES (1067246875800000042, 1067246875800000040, '{{ window.SITE_CONFIG["apiURL"] }}/doc.html', 0, 'icon-file-word', '', 1, 0, 1067246875800000001, getdate(), 1067246875800000001, getdate());
INSERT INTO sys_menu(id, pid, url, type, icon, permissions, sort, del_flag, creator, create_date, updater, update_date) VALUES (1164489061834969089, 1067246875800000019, 'sys/region', 0, 'icon-location', '0', 3, 0, 1067246875800000001, getdate(), 1067246875800000001, getdate());
INSERT INTO sys_menu(id, pid, url, type, icon, permissions, sort, del_flag, creator, create_date, updater, update_date) VALUES (1164492214366130178, 1164489061834969089, '', 1, '', 'sys:region:list,sys:region:info', 0, 0, 1067246875800000001, getdate(), 1067246875800000001, getdate());
INSERT INTO sys_menu(id, pid, url, type, icon, permissions, sort, del_flag, creator, create_date, updater, update_date) VALUES (1164492872829915138, 1164489061834969089, '', 1, '', 'sys:region:save', 1, 0, 1067246875800000001, getdate(), 1067246875800000001, getdate());
INSERT INTO sys_menu(id, pid, url, type, icon, permissions, sort, del_flag, creator, create_date, updater, update_date) VALUES (1164493252347318273, 1164489061834969089, '', 1, '', 'sys:region:update', 2, 0, 1067246875800000001, getdate(), 1067246875800000001, getdate());
INSERT INTO sys_menu(id, pid, url, type, icon, permissions, sort, del_flag, creator, create_date, updater, update_date) VALUES (1164493391254278145, 1164489061834969089, '', 1, '', 'sys:region:delete', 3, 0, 1067246875800000001, getdate(), 1067246875800000001, getdate());
INSERT INTO sys_menu(id, pid, url, type, icon, permissions, sort, del_flag, creator, create_date, updater, update_date) VALUES (1176372255559024642, 0, '', 0, 'icon-windows', '', 999, 0, 1067246875800000001, getdate(), 1067246875800000001, getdate());
INSERT INTO sys_menu(id, pid, url, type, icon, permissions, sort, del_flag, creator, create_date, updater, update_date) VALUES (1206460008292216834, 1176372255559024642, 'sys/news', 0, 'icon-file-word', 'demo:news:all', 0, 0, 1067246875800000001, getdate(), 1067246875800000001, getdate());
INSERT INTO sys_menu(id, pid, url, type, icon, permissions, sort, del_flag, creator, create_date, updater, update_date) VALUES (1067246875800000401, 0, '', 0, 'icon-bell', '', 4, 0, 1067246875800000001, getdate(), 1067246875800000001, getdate());
INSERT INTO sys_menu(id, pid, url, type, icon, permissions, sort, del_flag, creator, create_date, updater, update_date) VALUES (1067246875800000402, 1067246875800000401, 'sys/notice', 0, 'icon-bell', 'sys:notice:all,sys:dept:list', 0, 0, 1067246875800000001, getdate(), 1067246875800000001, getdate());
INSERT INTO sys_menu(id, pid, url, type, icon, permissions, sort, del_flag, creator, create_date, updater, update_date) VALUES (1067246875800000403, 1067246875800000401, 'sys/notice-user', 0, 'icon-notification', 'sys:notice:all', 1, 0, 1067246875800000001, getdate(), 1067246875800000001, getdate());


INSERT INTO sys_language(table_name, table_id, field_name, field_value, language) VALUES ('sys_menu', 1067246875800000002, 'name', '权限管理', 'zh-CN');
INSERT INTO sys_language(table_name, table_id, field_name, field_value, language) VALUES ('sys_menu', 1067246875800000002, 'name', '權限管理', 'zh-TW');
INSERT INTO sys_language(table_name, table_id, field_name, field_value, language) VALUES ('sys_menu', 1067246875800000002, 'name', 'Authority Management', 'en-US');
INSERT INTO sys_language(table_name, table_id, field_name, field_value, language) VALUES ('sys_menu', 1067246875800000003, 'name', '用户管理', 'zh-CN');
INSERT INTO sys_language(table_name, table_id, field_name, field_value, language) VALUES ('sys_menu', 1067246875800000003, 'name', '用戶管理', 'zh-TW');
INSERT INTO sys_language(table_name, table_id, field_name, field_value, language) VALUES ('sys_menu', 1067246875800000003, 'name', 'User Management', 'en-US');
INSERT INTO sys_language(table_name, table_id, field_name, field_value, language) VALUES ('sys_menu', 1067246875800000004, 'name', 'View', 'en-US');
INSERT INTO sys_language(table_name, table_id, field_name, field_value, language) VALUES ('sys_menu', 1067246875800000004, 'name', '查看', 'zh-CN');
INSERT INTO sys_language(table_name, table_id, field_name, field_value, language) VALUES ('sys_menu', 1067246875800000004, 'name', '查看', 'zh-TW');
INSERT INTO sys_language(table_name, table_id, field_name, field_value, language) VALUES ('sys_menu', 1067246875800000005, 'name', 'Add', 'en-US');
INSERT INTO sys_language(table_name, table_id, field_name, field_value, language) VALUES ('sys_menu', 1067246875800000005, 'name', '新增', 'zh-CN');
INSERT INTO sys_language(table_name, table_id, field_name, field_value, language) VALUES ('sys_menu', 1067246875800000005, 'name', '新增', 'zh-TW');
INSERT INTO sys_language(table_name, table_id, field_name, field_value, language) VALUES ('sys_menu', 1067246875800000006, 'name', 'Edit', 'en-US');
INSERT INTO sys_language(table_name, table_id, field_name, field_value, language) VALUES ('sys_menu', 1067246875800000006, 'name', '修改', 'zh-CN');
INSERT INTO sys_language(table_name, table_id, field_name, field_value, language) VALUES ('sys_menu', 1067246875800000006, 'name', '修改', 'zh-TW');
INSERT INTO sys_language(table_name, table_id, field_name, field_value, language) VALUES ('sys_menu', 1067246875800000007, 'name', 'Delete', 'en-US');
INSERT INTO sys_language(table_name, table_id, field_name, field_value, language) VALUES ('sys_menu', 1067246875800000007, 'name', '删除', 'zh-CN');
INSERT INTO sys_language(table_name, table_id, field_name, field_value, language) VALUES ('sys_menu', 1067246875800000007, 'name', '刪除', 'zh-TW');
INSERT INTO sys_language(table_name, table_id, field_name, field_value, language) VALUES ('sys_menu', 1067246875800000008, 'name', 'Export', 'en-US');
INSERT INTO sys_language(table_name, table_id, field_name, field_value, language) VALUES ('sys_menu', 1067246875800000008, 'name', '导出', 'zh-CN');
INSERT INTO sys_language(table_name, table_id, field_name, field_value, language) VALUES ('sys_menu', 1067246875800000008, 'name', '導出', 'zh-TW');
INSERT INTO sys_language(table_name, table_id, field_name, field_value, language) VALUES ('sys_menu', 1067246875800000009, 'name', 'Department Management', 'en-US');
INSERT INTO sys_language(table_name, table_id, field_name, field_value, language) VALUES ('sys_menu', 1067246875800000009, 'name', '部门管理', 'zh-CN');
INSERT INTO sys_language(table_name, table_id, field_name, field_value, language) VALUES ('sys_menu', 1067246875800000009, 'name', '部門管理', 'zh-TW');
INSERT INTO sys_language(table_name, table_id, field_name, field_value, language) VALUES ('sys_menu', 1067246875800000010, 'name', 'View', 'en-US');
INSERT INTO sys_language(table_name, table_id, field_name, field_value, language) VALUES ('sys_menu', 1067246875800000010, 'name', '查看', 'zh-CN');
INSERT INTO sys_language(table_name, table_id, field_name, field_value, language) VALUES ('sys_menu', 1067246875800000010, 'name', '查看', 'zh-TW');
INSERT INTO sys_language(table_name, table_id, field_name, field_value, language) VALUES ('sys_menu', 1067246875800000011, 'name', 'Add', 'en-US');
INSERT INTO sys_language(table_name, table_id, field_name, field_value, language) VALUES ('sys_menu', 1067246875800000011, 'name', '新增', 'zh-CN');
INSERT INTO sys_language(table_name, table_id, field_name, field_value, language) VALUES ('sys_menu', 1067246875800000011, 'name', '新增', 'zh-TW');
INSERT INTO sys_language(table_name, table_id, field_name, field_value, language) VALUES ('sys_menu', 1067246875800000012, 'name', 'Edit', 'en-US');
INSERT INTO sys_language(table_name, table_id, field_name, field_value, language) VALUES ('sys_menu', 1067246875800000012, 'name', '修改', 'zh-CN');
INSERT INTO sys_language(table_name, table_id, field_name, field_value, language) VALUES ('sys_menu', 1067246875800000012, 'name', '修改', 'zh-TW');
INSERT INTO sys_language(table_name, table_id, field_name, field_value, language) VALUES ('sys_menu', 1067246875800000013, 'name', 'Delete', 'en-US');
INSERT INTO sys_language(table_name, table_id, field_name, field_value, language) VALUES ('sys_menu', 1067246875800000013, 'name', '删除', 'zh-CN');
INSERT INTO sys_language(table_name, table_id, field_name, field_value, language) VALUES ('sys_menu', 1067246875800000013, 'name', '刪除', 'zh-TW');
INSERT INTO sys_language(table_name, table_id, field_name, field_value, language) VALUES ('sys_menu', 1067246875800000014, 'name', 'Role Management', 'en-US');
INSERT INTO sys_language(table_name, table_id, field_name, field_value, language) VALUES ('sys_menu', 1067246875800000014, 'name', '角色管理', 'zh-CN');
INSERT INTO sys_language(table_name, table_id, field_name, field_value, language) VALUES ('sys_menu', 1067246875800000014, 'name', '角色管理', 'zh-TW');
INSERT INTO sys_language(table_name, table_id, field_name, field_value, language) VALUES ('sys_menu', 1067246875800000015, 'name', 'View', 'en-US');
INSERT INTO sys_language(table_name, table_id, field_name, field_value, language) VALUES ('sys_menu', 1067246875800000015, 'name', '查看', 'zh-CN');
INSERT INTO sys_language(table_name, table_id, field_name, field_value, language) VALUES ('sys_menu', 1067246875800000015, 'name', '查看', 'zh-TW');
INSERT INTO sys_language(table_name, table_id, field_name, field_value, language) VALUES ('sys_menu', 1067246875800000016, 'name', 'Add', 'en-US');
INSERT INTO sys_language(table_name, table_id, field_name, field_value, language) VALUES ('sys_menu', 1067246875800000016, 'name', '新增', 'zh-CN');
INSERT INTO sys_language(table_name, table_id, field_name, field_value, language) VALUES ('sys_menu', 1067246875800000016, 'name', '新增', 'zh-TW');
INSERT INTO sys_language(table_name, table_id, field_name, field_value, language) VALUES ('sys_menu', 1067246875800000017, 'name', 'Edit', 'en-US');
INSERT INTO sys_language(table_name, table_id, field_name, field_value, language) VALUES ('sys_menu', 1067246875800000017, 'name', '修改', 'zh-CN');
INSERT INTO sys_language(table_name, table_id, field_name, field_value, language) VALUES ('sys_menu', 1067246875800000017, 'name', '修改', 'zh-TW');
INSERT INTO sys_language(table_name, table_id, field_name, field_value, language) VALUES ('sys_menu', 1067246875800000018, 'name', 'Delete', 'en-US');
INSERT INTO sys_language(table_name, table_id, field_name, field_value, language) VALUES ('sys_menu', 1067246875800000018, 'name', '删除', 'zh-CN');
INSERT INTO sys_language(table_name, table_id, field_name, field_value, language) VALUES ('sys_menu', 1067246875800000018, 'name', '刪除', 'zh-TW');
INSERT INTO sys_language(table_name, table_id, field_name, field_value, language) VALUES ('sys_menu', 1067246875800000019, 'name', 'Setting', 'en-US');
INSERT INTO sys_language(table_name, table_id, field_name, field_value, language) VALUES ('sys_menu', 1067246875800000019, 'name', '系统设置', 'zh-CN');
INSERT INTO sys_language(table_name, table_id, field_name, field_value, language) VALUES ('sys_menu', 1067246875800000019, 'name', '系統設置', 'zh-TW');
INSERT INTO sys_language(table_name, table_id, field_name, field_value, language) VALUES ('sys_menu', 1067246875800000020, 'name', 'Menu Management', 'en-US');
INSERT INTO sys_language(table_name, table_id, field_name, field_value, language) VALUES ('sys_menu', 1067246875800000020, 'name', '菜单管理', 'zh-CN');
INSERT INTO sys_language(table_name, table_id, field_name, field_value, language) VALUES ('sys_menu', 1067246875800000020, 'name', '菜單管理', 'zh-TW');
INSERT INTO sys_language(table_name, table_id, field_name, field_value, language) VALUES ('sys_menu', 1067246875800000021, 'name', 'View', 'en-US');
INSERT INTO sys_language(table_name, table_id, field_name, field_value, language) VALUES ('sys_menu', 1067246875800000021, 'name', '查看', 'zh-CN');
INSERT INTO sys_language(table_name, table_id, field_name, field_value, language) VALUES ('sys_menu', 1067246875800000021, 'name', '查看', 'zh-TW');
INSERT INTO sys_language(table_name, table_id, field_name, field_value, language) VALUES ('sys_menu', 1067246875800000022, 'name', 'Add', 'en-US');
INSERT INTO sys_language(table_name, table_id, field_name, field_value, language) VALUES ('sys_menu', 1067246875800000022, 'name', '新增', 'zh-CN');
INSERT INTO sys_language(table_name, table_id, field_name, field_value, language) VALUES ('sys_menu', 1067246875800000022, 'name', '新增', 'zh-TW');
INSERT INTO sys_language(table_name, table_id, field_name, field_value, language) VALUES ('sys_menu', 1067246875800000023, 'name', 'Edit', 'en-US');
INSERT INTO sys_language(table_name, table_id, field_name, field_value, language) VALUES ('sys_menu', 1067246875800000023, 'name', '修改', 'zh-CN');
INSERT INTO sys_language(table_name, table_id, field_name, field_value, language) VALUES ('sys_menu', 1067246875800000023, 'name', '修改', 'zh-TW');
INSERT INTO sys_language(table_name, table_id, field_name, field_value, language) VALUES ('sys_menu', 1067246875800000024, 'name', 'Delete', 'en-US');
INSERT INTO sys_language(table_name, table_id, field_name, field_value, language) VALUES ('sys_menu', 1067246875800000024, 'name', '删除', 'zh-CN');
INSERT INTO sys_language(table_name, table_id, field_name, field_value, language) VALUES ('sys_menu', 1067246875800000024, 'name', '刪除', 'zh-TW');
INSERT INTO sys_language(table_name, table_id, field_name, field_value, language) VALUES ('sys_menu', 1067246875800000025, 'name', 'Parameter Management', 'en-US');
INSERT INTO sys_language(table_name, table_id, field_name, field_value, language) VALUES ('sys_menu', 1067246875800000025, 'name', '参数管理', 'zh-CN');
INSERT INTO sys_language(table_name, table_id, field_name, field_value, language) VALUES ('sys_menu', 1067246875800000025, 'name', '參數管理', 'zh-TW');
INSERT INTO sys_language(table_name, table_id, field_name, field_value, language) VALUES ('sys_menu', 1067246875800000026, 'name', 'View', 'en-US');
INSERT INTO sys_language(table_name, table_id, field_name, field_value, language) VALUES ('sys_menu', 1067246875800000026, 'name', '查看', 'zh-CN');
INSERT INTO sys_language(table_name, table_id, field_name, field_value, language) VALUES ('sys_menu', 1067246875800000026, 'name', '查看', 'zh-TW');
INSERT INTO sys_language(table_name, table_id, field_name, field_value, language) VALUES ('sys_menu', 1067246875800000027, 'name', 'Add', 'en-US');
INSERT INTO sys_language(table_name, table_id, field_name, field_value, language) VALUES ('sys_menu', 1067246875800000027, 'name', '新增', 'zh-CN');
INSERT INTO sys_language(table_name, table_id, field_name, field_value, language) VALUES ('sys_menu', 1067246875800000027, 'name', '新增', 'zh-TW');
INSERT INTO sys_language(table_name, table_id, field_name, field_value, language) VALUES ('sys_menu', 1067246875800000028, 'name', 'Edit', 'en-US');
INSERT INTO sys_language(table_name, table_id, field_name, field_value, language) VALUES ('sys_menu', 1067246875800000028, 'name', '修改', 'zh-CN');
INSERT INTO sys_language(table_name, table_id, field_name, field_value, language) VALUES ('sys_menu', 1067246875800000028, 'name', '修改', 'zh-TW');
INSERT INTO sys_language(table_name, table_id, field_name, field_value, language) VALUES ('sys_menu', 1067246875800000029, 'name', 'Delete', 'en-US');
INSERT INTO sys_language(table_name, table_id, field_name, field_value, language) VALUES ('sys_menu', 1067246875800000029, 'name', '删除', 'zh-CN');
INSERT INTO sys_language(table_name, table_id, field_name, field_value, language) VALUES ('sys_menu', 1067246875800000029, 'name', '刪除', 'zh-TW');
INSERT INTO sys_language(table_name, table_id, field_name, field_value, language) VALUES ('sys_menu', 1067246875800000030, 'name', 'Export', 'en-US');
INSERT INTO sys_language(table_name, table_id, field_name, field_value, language) VALUES ('sys_menu', 1067246875800000030, 'name', '导出', 'zh-CN');
INSERT INTO sys_language(table_name, table_id, field_name, field_value, language) VALUES ('sys_menu', 1067246875800000030, 'name', '導出', 'zh-TW');
INSERT INTO sys_language(table_name, table_id, field_name, field_value, language) VALUES ('sys_menu', 1067246875800000031, 'name', 'Dict Management', 'en-US');
INSERT INTO sys_language(table_name, table_id, field_name, field_value, language) VALUES ('sys_menu', 1067246875800000031, 'name', '字典管理', 'zh-CN');
INSERT INTO sys_language(table_name, table_id, field_name, field_value, language) VALUES ('sys_menu', 1067246875800000031, 'name', '字典管理', 'zh-TW');
INSERT INTO sys_language(table_name, table_id, field_name, field_value, language) VALUES ('sys_menu', 1067246875800000032, 'name', 'View', 'en-US');
INSERT INTO sys_language(table_name, table_id, field_name, field_value, language) VALUES ('sys_menu', 1067246875800000032, 'name', '查看', 'zh-CN');
INSERT INTO sys_language(table_name, table_id, field_name, field_value, language) VALUES ('sys_menu', 1067246875800000032, 'name', '查看', 'zh-TW');
INSERT INTO sys_language(table_name, table_id, field_name, field_value, language) VALUES ('sys_menu', 1067246875800000033, 'name', 'Add', 'en-US');
INSERT INTO sys_language(table_name, table_id, field_name, field_value, language) VALUES ('sys_menu', 1067246875800000033, 'name', '新增', 'zh-CN');
INSERT INTO sys_language(table_name, table_id, field_name, field_value, language) VALUES ('sys_menu', 1067246875800000033, 'name', '新增', 'zh-TW');
INSERT INTO sys_language(table_name, table_id, field_name, field_value, language) VALUES ('sys_menu', 1067246875800000034, 'name', 'Edit', 'en-US');
INSERT INTO sys_language(table_name, table_id, field_name, field_value, language) VALUES ('sys_menu', 1067246875800000034, 'name', '修改', 'zh-CN');
INSERT INTO sys_language(table_name, table_id, field_name, field_value, language) VALUES ('sys_menu', 1067246875800000034, 'name', '修改', 'zh-TW');
INSERT INTO sys_language(table_name, table_id, field_name, field_value, language) VALUES ('sys_menu', 1067246875800000035, 'name', 'Delete', 'en-US');
INSERT INTO sys_language(table_name, table_id, field_name, field_value, language) VALUES ('sys_menu', 1067246875800000035, 'name', '删除', 'zh-CN');
INSERT INTO sys_language(table_name, table_id, field_name, field_value, language) VALUES ('sys_menu', 1067246875800000035, 'name', '刪除', 'zh-TW');
INSERT INTO sys_language(table_name, table_id, field_name, field_value, language) VALUES ('sys_menu', 1067246875800000036, 'name', 'Log Management', 'en-US');
INSERT INTO sys_language(table_name, table_id, field_name, field_value, language) VALUES ('sys_menu', 1067246875800000036, 'name', '日志管理', 'zh-CN');
INSERT INTO sys_language(table_name, table_id, field_name, field_value, language) VALUES ('sys_menu', 1067246875800000036, 'name', '日誌管理', 'zh-TW');
INSERT INTO sys_language(table_name, table_id, field_name, field_value, language) VALUES ('sys_menu', 1067246875800000037, 'name', 'Login Log', 'en-US');
INSERT INTO sys_language(table_name, table_id, field_name, field_value, language) VALUES ('sys_menu', 1067246875800000037, 'name', '登录日志', 'zh-CN');
INSERT INTO sys_language(table_name, table_id, field_name, field_value, language) VALUES ('sys_menu', 1067246875800000037, 'name', '登錄日誌', 'zh-TW');
INSERT INTO sys_language(table_name, table_id, field_name, field_value, language) VALUES ('sys_menu', 1067246875800000038, 'name', 'Operation Log', 'en-US');
INSERT INTO sys_language(table_name, table_id, field_name, field_value, language) VALUES ('sys_menu', 1067246875800000038, 'name', '操作日志', 'zh-CN');
INSERT INTO sys_language(table_name, table_id, field_name, field_value, language) VALUES ('sys_menu', 1067246875800000038, 'name', '操作日誌', 'zh-TW');
INSERT INTO sys_language(table_name, table_id, field_name, field_value, language) VALUES ('sys_menu', 1067246875800000039, 'name', 'Error Log', 'en-US');
INSERT INTO sys_language(table_name, table_id, field_name, field_value, language) VALUES ('sys_menu', 1067246875800000039, 'name', '异常日志', 'zh-CN');
INSERT INTO sys_language(table_name, table_id, field_name, field_value, language) VALUES ('sys_menu', 1067246875800000039, 'name', '異常日誌', 'zh-TW');
INSERT INTO sys_language(table_name, table_id, field_name, field_value, language) VALUES ('sys_menu', 1067246875800000040, 'name', 'System Monitoring', 'en-US');
INSERT INTO sys_language(table_name, table_id, field_name, field_value, language) VALUES ('sys_menu', 1067246875800000040, 'name', '系统监控', 'zh-CN');
INSERT INTO sys_language(table_name, table_id, field_name, field_value, language) VALUES ('sys_menu', 1067246875800000040, 'name', '系統監控', 'zh-TW');
INSERT INTO sys_language(table_name, table_id, field_name, field_value, language) VALUES ('sys_menu', 1067246875800000041, 'name', 'Service Monitoring', 'en-US');
INSERT INTO sys_language(table_name, table_id, field_name, field_value, language) VALUES ('sys_menu', 1067246875800000041, 'name', '服务监控', 'zh-CN');
INSERT INTO sys_language(table_name, table_id, field_name, field_value, language) VALUES ('sys_menu', 1067246875800000041, 'name', '服務監控', 'zh-TW');
INSERT INTO sys_language(table_name, table_id, field_name, field_value, language) VALUES ('sys_menu', 1067246875800000042, 'name', 'Swagger Api', 'en-US');
INSERT INTO sys_language(table_name, table_id, field_name, field_value, language) VALUES ('sys_menu', 1067246875800000042, 'name', '接口文档', 'zh-CN');
INSERT INTO sys_language(table_name, table_id, field_name, field_value, language) VALUES ('sys_menu', 1067246875800000042, 'name', '接口文檔', 'zh-TW');
INSERT INTO sys_language(table_name, table_id, field_name, field_value, language) VALUES ('sys_menu', 1164489061834969089, 'name', 'Administrative Regions', 'en-US');
INSERT INTO sys_language(table_name, table_id, field_name, field_value, language) VALUES ('sys_menu', 1164489061834969089, 'name', '行政区域', 'zh-CN');
INSERT INTO sys_language(table_name, table_id, field_name, field_value, language) VALUES ('sys_menu', 1164489061834969089, 'name', '行政區域', 'zh-TW');
INSERT INTO sys_language(table_name, table_id, field_name, field_value, language) VALUES ('sys_menu', 1164492214366130178, 'name', 'View', 'en-US');
INSERT INTO sys_language(table_name, table_id, field_name, field_value, language) VALUES ('sys_menu', 1164492214366130178, 'name', '查看', 'zh-CN');
INSERT INTO sys_language(table_name, table_id, field_name, field_value, language) VALUES ('sys_menu', 1164492214366130178, 'name', '查看', 'zh-TW');
INSERT INTO sys_language(table_name, table_id, field_name, field_value, language) VALUES ('sys_menu', 1164492872829915138, 'name', 'Add', 'en-US');
INSERT INTO sys_language(table_name, table_id, field_name, field_value, language) VALUES ('sys_menu', 1164492872829915138, 'name', '新增', 'zh-CN');
INSERT INTO sys_language(table_name, table_id, field_name, field_value, language) VALUES ('sys_menu', 1164492872829915138, 'name', '新增', 'zh-TW');
INSERT INTO sys_language(table_name, table_id, field_name, field_value, language) VALUES ('sys_menu', 1164493252347318273, 'name', 'Edit', 'en-US');
INSERT INTO sys_language(table_name, table_id, field_name, field_value, language) VALUES ('sys_menu', 1164493252347318273, 'name', '修改', 'zh-CN');
INSERT INTO sys_language(table_name, table_id, field_name, field_value, language) VALUES ('sys_menu', 1164493252347318273, 'name', '修改', 'zh-TW');
INSERT INTO sys_language(table_name, table_id, field_name, field_value, language) VALUES ('sys_menu', 1164493391254278145, 'name', 'Delete', 'en-US');
INSERT INTO sys_language(table_name, table_id, field_name, field_value, language) VALUES ('sys_menu', 1164493391254278145, 'name', '删除', 'zh-CN');
INSERT INTO sys_language(table_name, table_id, field_name, field_value, language) VALUES ('sys_menu', 1164493391254278145, 'name', '刪除', 'zh-TW');
INSERT INTO sys_language(table_name, table_id, field_name, field_value, language) VALUES ('sys_menu', 1176372255559024642, 'name', 'Demo', 'en-US');
INSERT INTO sys_language(table_name, table_id, field_name, field_value, language) VALUES ('sys_menu', 1176372255559024642, 'name', '功能示例', 'zh-CN');
INSERT INTO sys_language(table_name, table_id, field_name, field_value, language) VALUES ('sys_menu', 1176372255559024642, 'name', '功能示例', 'zh-TW');
INSERT INTO sys_language(table_name, table_id, field_name, field_value, language) VALUES ('sys_menu', 1206460008292216834, 'name', 'News Management', 'en-US');
INSERT INTO sys_language(table_name, table_id, field_name, field_value, language) VALUES ('sys_menu', 1206460008292216834, 'name', '新闻管理', 'zh-CN');
INSERT INTO sys_language(table_name, table_id, field_name, field_value, language) VALUES ('sys_menu', 1206460008292216834, 'name', '新聞管理', 'zh-TW');
INSERT INTO sys_language(table_name, table_id, field_name, field_value, language) VALUES ('sys_menu', 1067246875800000401, 'name', 'Station Notice', 'en-US');
INSERT INTO sys_language(table_name, table_id, field_name, field_value, language) VALUES ('sys_menu', 1067246875800000401, 'name', '站内通知', 'zh-CN');
INSERT INTO sys_language(table_name, table_id, field_name, field_value, language) VALUES ('sys_menu', 1067246875800000401, 'name', '站內通知', 'zh-TW');
INSERT INTO sys_language(table_name, table_id, field_name, field_value, language) VALUES ('sys_menu', 1067246875800000402, 'name', 'Notice Management', 'en-US');
INSERT INTO sys_language(table_name, table_id, field_name, field_value, language) VALUES ('sys_menu', 1067246875800000402, 'name', '通知管理', 'zh-CN');
INSERT INTO sys_language(table_name, table_id, field_name, field_value, language) VALUES ('sys_menu', 1067246875800000402, 'name', '通知管理', 'zh-TW');
INSERT INTO sys_language(table_name, table_id, field_name, field_value, language) VALUES ('sys_menu', 1067246875800000403, 'name', 'My Notice', 'en-US');
INSERT INTO sys_language(table_name, table_id, field_name, field_value, language) VALUES ('sys_menu', 1067246875800000403, 'name', '我的通知', 'zh-CN');
INSERT INTO sys_language(table_name, table_id, field_name, field_value, language) VALUES ('sys_menu', 1067246875800000403, 'name', '我的通知', 'zh-TW');

INSERT INTO sys_dept(id, pid, pids, name, sort, del_flag, creator, create_date, updater, update_date) VALUES (1067246875800000061, 1067246875800000062, '1067246875800000065,1067246875800000062', '技术部', 2, 0, 1067246875800000001, getdate(), 1067246875800000001, getdate());
INSERT INTO sys_dept(id, pid, pids, name, sort, del_flag, creator, create_date, updater, update_date) VALUES (1067246875800000062, 1067246875800000065, '1067246875800000065', '长沙分公司', 1, 0, 1067246875800000001, getdate(), 1067246875800000001, getdate());
INSERT INTO sys_dept(id, pid, pids, name, sort, del_flag, creator, create_date, updater, update_date) VALUES (1067246875800000063, 1067246875800000065, '1067246875800000065', '上海分公司', 0, 0, 1067246875800000001, getdate(), 1067246875800000001, getdate());
INSERT INTO sys_dept(id, pid, pids, name, sort, del_flag, creator, create_date, updater, update_date) VALUES (1067246875800000064, 1067246875800000063, '1067246875800000065,1067246875800000063', '市场部', 0, 0, 1067246875800000001, getdate(), 1067246875800000001, getdate());
INSERT INTO sys_dept(id, pid, pids, name, sort, del_flag, creator, create_date, updater, update_date) VALUES (1067246875800000065, 0, '0', '集团', 0, 0, 1067246875800000001, getdate(), 1067246875800000001, getdate());
INSERT INTO sys_dept(id, pid, pids, name, sort, del_flag, creator, create_date, updater, update_date) VALUES (1067246875800000066, 1067246875800000063, '1067246875800000065,1067246875800000063', '销售部', 0, 0, 1067246875800000001, getdate(), 1067246875800000001, getdate());
INSERT INTO sys_dept(id, pid, pids, name, sort, del_flag, creator, create_date, updater, update_date) VALUES (1067246875800000067, 1067246875800000062, '1067246875800000065,1067246875800000062', '产品部', 1, 0, 1067246875800000001, getdate(), 1067246875800000001, getdate());

INSERT INTO sys_dict_type(id, dict_type, dict_name, remark, sort, creator, create_date, updater, update_date) VALUES (1160061077912858625, 'gender', '性别', '', 0, 1067246875800000001, getdate(), 1067246875800000001, getdate());
INSERT INTO sys_dict_data(id, dict_type_id, dict_label, dict_value, remark, sort, creator, create_date, updater, update_date) VALUES (1160061112075464705, 1160061077912858625, '男', '0', '', 0, 1067246875800000001, getdate(), 1067246875800000001, getdate());
INSERT INTO sys_dict_data(id, dict_type_id, dict_label, dict_value, remark, sort, creator, create_date, updater, update_date) VALUES (1160061146967879681, 1160061077912858625, '女', '1', '', 1, 1067246875800000001, getdate(), 1067246875800000001, getdate());
INSERT INTO sys_dict_data(id, dict_type_id, dict_label, dict_value, remark, sort, creator, create_date, updater, update_date) VALUES (1160061190127267841, 1160061077912858625, '保密', '2', '', 2, 1067246875800000001, getdate(), 1067246875800000001, getdate());

INSERT INTO sys_dict_type(id, dict_type, dict_name, remark, sort, creator, create_date, updater, update_date) VALUES (1225813644059140097, 'notice_type', '站内通知-类型', '', 1, 1067246875800000001, getdate(), 1067246875800000001, getdate());
INSERT INTO sys_dict_data(id, dict_type_id, dict_label, dict_value, remark, sort, creator, create_date, updater, update_date) VALUES (1225814069634195457, 1225813644059140097, '公告', '0', '', 0, 1067246875800000001, getdate(), 1067246875800000001, getdate());
INSERT INTO sys_dict_data(id, dict_type_id, dict_label, dict_value, remark, sort, creator, create_date, updater, update_date) VALUES (1225814107559092225, 1225813644059140097, '会议', '1', '', 1, 1067246875800000001, getdate(), 1067246875800000001, getdate());
INSERT INTO sys_dict_data(id, dict_type_id, dict_label, dict_value, remark, sort, creator, create_date, updater, update_date) VALUES (1225814271879340034, 1225813644059140097, '其他', '2', '', 2, 1067246875800000001, getdate(), 1067246875800000001, getdate());

INSERT INTO sys_oauth_client_details(client_id, resource_ids, client_secret, scope, authorized_grant_types, web_server_redirect_uri, authorities, access_token_validity, refresh_token_validity, additional_information, autoapprove) VALUES ('renrenio', '', '$2a$10$aiWOK7GmRzyLyRihSF0cMedcbsEo0t11/y8f.tnBkF2hCeSd0Bq.i', 'all', 'authorization_code,password,implicit,client_credentials,refresh_token', 'https://www.renren.io/', NULL, 50000, NULL, NULL, 'true');
