[
  {
    "remark": "认证服务",
    "id": "airportpac-auth-server",
    "uri": "lb://airportpac-auth-server",
    "order": "1",
    "predicates": [
      {
        "name": "Path",
        "args": {
          "pattern": "/auth/**"
        }
      }
    ],
    "filters": [
      {
        "name": "StripPrefix",
        "args": {
          "StripPrefix": 0
        }
      }
    ]
  },
  {
    "remark": "Admin服务",
    "id": "airportpac-admin-server",
    "uri": "lb://airportpac-admin-server",
    "order": "2",
    "predicates": [
      {
        "name": "Path",
        "args": {
          "pattern": "/sys/**"
        }
      }
    ],
    "filters": [
      {
        "name": "StripPrefix",
        "args": {
          "StripPrefix": 0
        }
      }
    ]
  },
  {
    "remark": "监控服务",
    "id": "airportpac-monitor-server",
    "uri": "lb://airportpac-monitor-server",
    "order": "3",
    "predicates": [
      {
        "name": "Path",
        "args": {
          "pattern": "/monitor/**"
        }
      }
    ],
    "filters": [
      {
        "name": "StripPrefix",
        "args": {
          "StripPrefix": 0
        }
      }
    ]
  },
  {
    "remark": "OSS服务",
    "id": "airportpac-oss-server",
    "uri": "lb://airportpac-oss-server",
    "order": "4",
    "predicates": [
      {
        "name": "Path",
        "args": {
          "pattern": "/oss/**"
        }
      }
    ],
    "filters": [
      {
        "name": "StripPrefix",
        "args": {
          "StripPrefix": 0
        }
      }
    ]
  },
  {
    "remark": "消息服务",
    "id": "airportpac-message-server",
    "uri": "lb://airportpac-message-server",
    "order": "5",
    "predicates": [
      {
        "name": "Path",
        "args": {
          "pattern": "/message/**"
        }
      }
    ],
    "filters": [
      {
        "name": "StripPrefix",
        "args": {
          "StripPrefix": 0
        }
      }
    ]
  },
  {
    "remark": "工作流服务",
    "id": "airportpac-activiti-server",
    "uri": "lb://airportpac-activiti-server",
    "order": "6",
    "predicates": [
      {
        "name": "Path",
        "args": {
          "pattern": "/activiti/**"
        }
      }
    ],
    "filters": [
      {
        "name": "StripPrefix",
        "args": {
          "StripPrefix": 0
        }
      }
    ]
  },
  {
    "remark": "定时任务服务",
    "id": "airportpac-job-server",
    "uri": "lb://airportpac-job-server",
    "order": "7",
    "predicates": [
      {
        "name": "Path",
        "args": {
          "pattern": "/job/**"
        }
      }
    ],
    "filters": [
      {
        "name": "StripPrefix",
        "args": {
          "StripPrefix": 0
        }
      }
    ]
  },
  {
    "remark": "APP流服务",
    "id": "airportpac-api-server",
    "uri": "lb://airportpac-api-server",
    "order": "8",
    "predicates": [
      {
        "name": "Path",
        "args": {
          "pattern": "/api/**"
        }
      }
    ],
    "filters": [
      {
        "name": "StripPrefix",
        "args": {
          "StripPrefix": 0
        }
      }
    ]
  }
]
